{
  "squaddieId": {
    "templateId": "young_nahla",
    "name": "Nahla",
    "resources": {
      "mapIconResourceKey": "map icon young nahla",
      "actionSpritesByEmotion": {
        "NEUTRAL": "combat-young-nahla-neutral",
        "ATTACK": "combat-young-nahla-attack",
        "TARGETED": "combat-young-nahla-targeted",
        "DAMAGED": "combat-young-nahla-damaged",
        "DEAD": "combat-young-nahla-dead",
        "ASSISTING": "combat-young-nahla-assisting",
        "THANKFUL": "combat-young-nahla-thankful"
      }
    },
    "traits": {
      "booleanTraits": {
        "HUMANOID": true,
        "MONSU": true
      }
    },
    "affiliation": "PLAYER"
  },
  "attributes": {
    "maxHitPoints": 3,
    "armor": {
      "proficiencyLevel": "NOVICE",
      "base": 1
    },
    "movement": {
      "movementPerAction": 2,
      "passThroughWalls": false,
      "crossOverPits": false
    },
    "tier": 1,
    "versusProficiencyLevels": {
      "ARMOR": "NOVICE"
    }
  },
  "actionTemplateIds": [
    "nahla_water_cannon",
    "young_nahla_healing_touch",
    "young_nahla_torrent_surge"
  ]
}
