{
  "id": "0000",
  "terrain": [
    "x x x x x 2 2 1 1 1 1 1 2 2 x x x ",
    " 1 1 1 1 2 2 2 1 1 1 1 2 2 1 1 1 1 ",
    "  x x x x 2 2 1 1 1 1 1 2 2 1 1 1 1 ",
    "   x x x x x x x x x x x x x x 1 1 1 ",
    "    1 1 1 1 1 1 1 1 1 1 1 1 1 x 1 1 1 ",
    "     1 1 1 1 1 1 1 1 1 1 1 1 1 x 1 1 1 ",
    "      1 1 1 1 1 1 1 1 1 1 1 1 x 1 1 1 1 ",
    "       1 1 1 1 1 1 1 1 1 1 1 x 1 1 1 1 1 ",
    "        x x x x x x x x x x x 2 1 1 1 1 1 ",
    "         1 1 1 1 1 1 x 2 2 2 1 1 1 1 2 2 2 ",
    "          1 1 1 1 1 x 2 1 1 1 1 1 1 1 1 1 2 ",
    "           1 1 1 1 x 2 1 1 1 2 2 2 1 1 1 1 2 ",
    "            1 1 1 x 2 1 1 1 1 O O 1 1 1 1 1 2 ",
    "             1 1 1 x 2 1 1 1 O O O 1 1 1 1 1 2 ",
    "              1 1 1 x 2 1 1 1 O O 1 1 1 1 1 1 2 ",
    "               1 1 1 x 2 1 1 1 1 1 1 1 1 1 1 2 x ",
    "                1 1 1 x 2 1 1 1 1 1 1 1 1 1 2 x 1 ",
    "                 1 1 1 x 2 2 2 2 2 2 2 2 2 2 x 1 1 "
  ],
  "objectives": [
    {
      "id": "victory",
      "reward": {
        "rewardType": "VICTORY"
      },
      "hasGivenReward": false,
      "conditions": [
        {
          "id": "defeat_all_enemies",
          "type": "DEFEAT_ALL_ENEMIES"
        }
      ],
      "numberOfRequiredConditionsToComplete": "all"
    },
    {
      "id": "defeat",
      "reward": {
        "rewardType": "DEFEAT"
      },
      "hasGivenReward": false,
      "conditions": [
        {
          "id": "defeat_all_players",
          "type": "DEFEAT_ALL_PLAYERS"
        }
      ],
      "numberOfRequiredConditionsToComplete": "all"
    }
  ],
  "player": {
    "teamId": "playerCrusaders",
    "teamName": "Crusaders",
    "iconResourceKey": "affiliate_icon_crusaders",
    "deployment": {
      "affiliation": "PLAYER",
      "optional": [],
      "required": [
        {
          "squaddieTemplateId": "sir_camil",
          "battleSquaddieId": "sir_camil",
          "coordinate": {
            "q": 1,
            "r": 1
          }
        },
        {
          "squaddieTemplateId": "young_nahla",
          "battleSquaddieId": "young_nahla",
          "coordinate": {
            "q": 1,
            "r": 0
          }
        }
      ]
    }
  },
  "npcDeployments": {
    "enemy": {
      "templateIds": [
        "enemy_demon_slither",
        "enemy_demon_locust"
      ],
      "mapPlacements": [
        {
          "squaddieTemplateId": "enemy_demon_slither",
          "battleSquaddieId": "enemy_demon_slither_0",
          "coordinate": {
            "q": 1,
            "r": 5
          }
        },
        {
          "squaddieTemplateId": "enemy_demon_slither",
          "battleSquaddieId": "enemy_demon_slither_1",
          "coordinate": {
            "q": 1,
            "r": 7
          }
        },
        {
          "squaddieTemplateId": "enemy_demon_locust",
          "battleSquaddieId": "enemy_demon_locust_3",
          "coordinate": {
            "q": 1,
            "r": 14
          }
        },
        {
          "squaddieTemplateId": "enemy_demon_slither",
          "battleSquaddieId": "enemy_demon_slither_3",
          "coordinate": {
            "q": 5,
            "r": 15
          }
        },
        {
          "squaddieTemplateId": "enemy_demon_slither",
          "battleSquaddieId": "enemy_demon_slither_4",
          "coordinate": {
            "q": 7,
            "r": 13
          }
        },
        {
          "squaddieTemplateId": "enemy_demon_locust",
          "battleSquaddieId": "enemy_demon_locust_0",
          "coordinate": {
            "q": 10,
            "r": 14
          }
        },
        {
          "squaddieTemplateId": "enemy_demon_slither",
          "battleSquaddieId": "enemy_demon_slither_6",
          "coordinate": {
            "q": 13,
            "r": 7
          }
        },
        {
          "squaddieTemplateId": "enemy_demon_slither",
          "battleSquaddieId": "enemy_demon_slither_7",
          "coordinate": {
            "q": 13,
            "r": 11
          }
        },
        {
          "squaddieTemplateId": "enemy_demon_locust",
          "battleSquaddieId": "enemy_demon_locust_1",
          "coordinate": {
            "q": 14,
            "r": 4
          }
        },
        {
          "squaddieTemplateId": "enemy_demon_locust",
          "battleSquaddieId": "enemy_demon_locust_2",
          "coordinate": {
            "q": 14,
            "r": 13
          }
        }
      ],
      "teams": [
        {
          "id": "enemy0",
          "name": "Infiltrators",
          "iconResourceKey": "affiliate_icon_infiltrators",
          "battleSquaddieIds": [
            "enemy_demon_slither_0",
            "enemy_demon_slither_1"
          ],
          "strategies": [
            {
              "type": "TARGET_SQUADDIE_IN_RANGE",
              "options": {
                "desiredAffiliation": "PLAYER"
              }
            },
            {
              "type": "MOVE_CLOSER_TO_SQUADDIE",
              "options": {
                "desiredAffiliation": "PLAYER"
              }
            },
            {
              "type": "MOVE_CLOSER_TO_SQUADDIE",
              "options": {
                "desiredBattleSquaddieId": "enemy_demon_slither_0"
              }
            },
            {
              "type": "MOVE_CLOSER_TO_SQUADDIE",
              "options": {
                "desiredBattleSquaddieId": "enemy_demon_slither_1"
              }
            }
          ]
        },
        {
          "id": "enemy4",
          "name": "Infiltrators",
          "iconResourceKey": "affiliate_icon_infiltrators",
          "battleSquaddieIds": [
            "enemy_demon_locust_3"
          ],
          "strategies": [
            {
              "type": "TARGET_SQUADDIE_IN_RANGE",
              "options": {
                "desiredAffiliation": "PLAYER"
              }
            },
            {
              "type": "MOVE_CLOSER_TO_SQUADDIE",
              "options": {
                "desiredAffiliation": "PLAYER"
              }
            }
          ]
        },
        {
          "id": "enemy1",
          "name": "Infiltrators",
          "iconResourceKey": "affiliate_icon_infiltrators",
          "battleSquaddieIds": [
            "enemy_demon_slither_3",
            "enemy_demon_slither_4",
            "enemy_demon_locust_0"
          ],
          "strategies": [
            {
              "type": "TARGET_SQUADDIE_IN_RANGE",
              "options": {
                "desiredAffiliation": "PLAYER"
              }
            },
            {
              "type": "MOVE_CLOSER_TO_SQUADDIE",
              "options": {
                "desiredAffiliation": "PLAYER"
              }
            },
            {
              "type": "MOVE_CLOSER_TO_SQUADDIE",
              "options": {
                "desiredBattleSquaddieId": "enemy_demon_slither_3"
              }
            }
          ]
        },
        {
          "id": "enemy2",
          "name": "Infiltrators",
          "iconResourceKey": "affiliate_icon_infiltrators",
          "battleSquaddieIds": [
            "enemy_demon_slither_6",
            "enemy_demon_locust_1"
          ],
          "strategies": [
            {
              "type": "TARGET_SQUADDIE_IN_RANGE",
              "options": {
                "desiredAffiliation": "PLAYER"
              }
            },
            {
              "type": "MOVE_CLOSER_TO_SQUADDIE",
              "options": {
                "desiredAffiliation": "PLAYER"
              }
            },
            {
              "type": "MOVE_CLOSER_TO_SQUADDIE",
              "options": {
                "desiredBattleSquaddieId": "enemy_demon_slither_6"
              }
            }
          ]
        },
        {
          "id": "enemy3",
          "name": "Infiltrators",
          "iconResourceKey": "affiliate_icon_infiltrators",
          "battleSquaddieIds": [
            "enemy_demon_slither_7",
            "enemy_demon_locust_2"
          ],
          "strategies": [
            {
              "type": "TARGET_SQUADDIE_IN_RANGE",
              "options": {
                "desiredAffiliation": "PLAYER"
              }
            },
            {
              "type": "MOVE_CLOSER_TO_SQUADDIE",
              "options": {
                "desiredAffiliation": "PLAYER"
              }
            },
            {
              "type": "MOVE_CLOSER_TO_SQUADDIE",
              "options": {
                "desiredBattleSquaddieId": "enemy_demon_slither_7"
              }
            }
          ]
        }
      ]
    }
  },
  "phaseBannersByAffiliation": {
    "PLAYER": "phase banner player",
    "ENEMY": "phase banner enemy"
  },
  "battleEvents": [
    {
      "triggers": [
        {
          "triggeringEventType": "MISSION_VICTORY",
          "battleCompletionStatus": "VICTORY"
        }
      ],
      "effect": {
        "type": "CUTSCENE",
        "cutsceneId": "default_victory"
      }
    },
    {
      "triggers": [
        {
          "triggeringEventType": "MISSION_DEFEAT",
          "battleCompletionStatus": "DEFEAT"
        }
      ],
      "effect": {
        "type": "CUTSCENE",
        "cutsceneId": "default_defeat"
      }
    },
    {
      "triggers": [
        {
          "triggeringEventType": "START_OF_TURN",
          "exactTurn": 0
        }
      ],
      "effect": {
        "type": "CUTSCENE",
        "cutsceneId": "introduction"
      }
    },
    {
      "triggers": [
        {
          "triggeringEventType": "START_OF_TURN",
          "exactTurn": 1
        }
      ],
      "effect": {
        "type": "CHALLENGE_MODIFIER",
        "challengeModifierType": "TRAINING_WHEELS",
        "value": true
      }
    },
    {
      "triggers": [
        {
          "triggeringEventType": "START_OF_TURN",
          "exactTurn": 1
        }
      ],
      "effect": {
        "type": "CUTSCENE",
        "cutsceneId": "turn1"
      }
    },
    {
      "triggers": [
        {
          "triggeringEventType": "START_OF_TURN",
          "exactTurn": 2
        }
      ],
      "effect": {
        "type": "CUTSCENE",
        "cutsceneId": "turn2"
      }
    },
    {
      "triggers": [
        {
          "triggeringEventType": "START_OF_TURN",
          "exactTurn": 3
        }
      ],
      "effect": {
        "type": "CUTSCENE",
        "cutsceneId": "turn3"
      }
    },
    {
      "triggers": [
        {
          "triggeringEventType": "START_OF_TURN",
          "exactTurn": 4
        }
      ],
      "effect": {
        "type": "CUTSCENE",
        "cutsceneId": "turn4"
      }
    },
    {
      "triggers": [
        {
          "triggeringEventType": "START_OF_TURN",
          "exactTurn": 5
        }
      ],
      "effect": {
        "type": "CUTSCENE",
        "cutsceneId": "turn5"
      }
    },
    {
      "triggers": [
        {
          "triggeringEventType": "START_OF_TURN",
          "exactTurn": 6
        }
      ],
      "effect": {
        "type": "CUTSCENE",
        "cutsceneId": "turn6"
      }
    },
    {
      "triggers": [
        {
          "triggeringEventType": "SQUADDIE_IS_INJURED",
          "targetingSquaddie": {
            "battleSquaddieIds": [
              "young_nahla"
            ]
          }
        }
      ],
      "effect": {
        "type": "CUTSCENE",
        "cutsceneId": "nahla_is_injured"
      }
    },
    {
      "triggers": [
        {
          "triggeringEventType": "SQUADDIE_IS_INJURED",
          "targetingSquaddie": {
            "battleSquaddieIds": [
              "sir_camil"
            ]
          }
        }
      ],
      "effect": {
        "type": "CUTSCENE",
        "cutsceneId": "sir_camil_is_injured"
      }
    },
    {
      "triggers": [
        {
          "triggeringEventType": "SQUADDIE_IS_DEFEATED",
          "targetingSquaddie": {
            "squaddieTemplateIds": [
              "enemy_demon_slither",
              "enemy_demon_locust"
            ]
          }
        }
      ],
      "effect": {
        "type": "CUTSCENE",
        "cutsceneId": "killed_first_enemy"
      }
    },
    {
      "triggers": [
        {
          "triggeringEventType": "SQUADDIE_IS_DEFEATED",
          "targetingSquaddie": {
            "squaddieTemplateIds": [
              "enemy_demon_slither",
              "enemy_demon_locust"
            ]
          }
        }
      ],
      "effect": {
        "type": "CHALLENGE_MODIFIER",
        "challengeModifierType": "TRAINING_WHEELS",
        "value": false
      }
    }
  ],
  "cutscene": {
    "cutsceneById": {
      "default_victory": {
        "directions": [
          {
            "type": "DIALOGUE",
            "id": "victory_0",
            "speakerName": "Sir Camil",
            "speakerNamePosition": "CENTER",
            "dialogueText": "That's the last of them.",
            "dialogueTextPosition": "CENTER",
            "speakerPortraitResourceKey": "sir camil cutscene portrait",
            "speakerPortraitPosition": "CENTER",
            "animationDuration": 0
          },
          {
            "type": "DIALOGUE",
            "id": "victory_1",
            "speakerPortraitResourceKey": "young nahla cutscene portrait",
            "speakerPortraitPosition": "CENTER",
            "speakerName": "Nahla",
            "speakerNamePosition": "CENTER",
            "dialogueText": "Yay! We did it!",
            "dialogueTextPosition": "CENTER",
            "animationDuration": 0
          },
          {
            "type": "DIALOGUE",
            "id": "victory_report_0",
            "speakerName": "Mission Report",
            "speakerNamePosition": "LEFT",
            "dialogueText": "Turns: $$TURN_COUNT\nTime: $$TIME_ELAPSED",
            "dialogueTextPosition": "LEFT",
            "animationDuration": 0
          },
          {
            "type": "DIALOGUE",
            "id": "victory_report_1",
            "speakerName": "Mission Report",
            "speakerNamePosition": "LEFT",
            "dialogueText": "Damage Dealt: $$DAMAGE_DEALT_BY_PLAYER_TEAM\nCritical Hits Dealt: $$CRITICAL_HITS_DEALT_BY_PLAYER_TEAM",
            "dialogueTextPosition": "LEFT",
            "animationDuration": 0
          },
          {
            "type": "DIALOGUE",
            "id": "victory_report_2",
            "speakerName": "Mission Report",
            "dialogueText": "Damage Taken: $$DAMAGE_TAKEN_BY_PLAYER_TEAM\nCritical Hits Taken: $$CRITICAL_HITS_TAKEN_BY_PLAYER_TEAM",
            "animationDuration": 0
          },
          {
            "type": "DIALOGUE",
            "id": "victory_report_3",
            "speakerName": "Mission Report",
            "speakerNamePosition": "LEFT",
            "dialogueText": "Damage Absorbed: $$DAMAGE_ABSORBED_BY_PLAYER_TEAM\nHealing: $$HEALING_RECEIVED_BY_PLAYER_TEAM",
            "dialogueTextPosition": "LEFT",
            "animationDuration": 0
          },
          {
            "type": "SPLASH_SCREEN",
            "id": "victory_final",
            "screenImageResourceKey": "splash victory"
          }
        ]
      },
      "default_defeat": {
        "directions": [
          {
            "type": "DIALOGUE",
            "id": "defeat_0",
            "speakerName": "Nahla",
            "dialogueText": "We have to retreat!\nI'll heal you more next time.",
            "speakerPortraitResourceKey": "young nahla cutscene portrait",
            "animationDuration": 0
          },
          {
            "type": "DIALOGUE",
            "id": "defeat_1",
            "speakerName": "Sir Camil",
            "dialogueText": "Right.\nLet's take it slow next time.\nRaise my Shield more often.",
            "speakerPortraitResourceKey": "sir camil cutscene portrait",
            "animationDuration": 0
          },
          {
            "type": "SPLASH_SCREEN",
            "id": "defeat_final",
            "screenImageResourceKey": "splash defeat"
          }
        ]
      },
      "introduction": {
        "directions": [
          {
            "type": "DIALOGUE",
            "id": "how_to_play_0",
            "speakerPortraitResourceKey": "tutorial-confirm-cancel",
            "speakerName": "How to play",
            "speakerNamePosition": "LEFT",
            "dialogueText": "Confirm: Left Mouse Click\nCancel: Right Mouse Click",
            "dialogueTextPosition": "LEFT",
            "animationDuration": 0,
            "backgroundColor": [280,6,52]
          },
          {
            "type": "DIALOGUE",
            "id": "how_to_play_1",
            "speakerPortraitResourceKey": "how-to-play-select-squaddie",
            "speakerPortraitPosition": "LEFT",
            "speakerName": "How to play",
            "speakerNamePosition": "LEFT",
            "dialogueText": "Use Nahla and Sir Camil.\nEach get 3 Action Points (AP).",
            "dialogueTextPosition": "LEFT",
            "animationDuration": 0,
            "comment": "Sir Camil and Nahla's portraits, their map icons and the squaddie selector.",
            "backgroundColor": [32,7,63]
          }
          ,{
            "type": "DIALOGUE",
            "id": "how_to_play_nahla_1",
            "speakerPortraitResourceKey": "how-to-play-young-nahla-1",
            "speakerPortraitPosition": "LEFT",
            "speakerName": "Hi, Nahla",
            "speakerNamePosition": "LEFT",
            "dialogueText": "This is Nahla. She can attack at range.\nShe can spend 2 AP to heal.",
            "dialogueTextPosition": "CENTER",
            "comment": "Nahla's portrait and map icon are here. Show a situation where she won't have enough action points to heal.",
            "animationDuration": 0,
            "backgroundColor": [196,13,66]
          }
          ,{
            "type": "DIALOGUE",
            "id": "how_to_play_sir_camil_1",
            "speakerPortraitResourceKey": "how-to-play-sir-camil-2",
            "speakerPortraitPosition": "LEFT",
            "speakerName": "Sir Camil!",
            "speakerNamePosition": "LEFT",
            "dialogueText": "Sir Camil can take more hits.\nRaise his Shield for even more defense.",
            "dialogueTextPosition": "LEFT",
            "comment": "Sir Camil's portrait and map icon. Show Raise Shield increasing his defense.",
            "animationDuration": 0,
            "backgroundColor": [32,14,27]
          }
          ,{
            "type": "DIALOGUE",
            "id": "how_to_play_demons",
            "speakerPortraitResourceKey": "how-to-play-demons",
            "speakerPortraitPosition": "LEFT",
            "speakerName": "Good Luck!",
            "speakerNamePosition": "CENTER",
            "dialogueText": "Destroy all of the demons.",
            "dialogueTextPosition": "LEFT",
            "comment": "Show the demons, indicate they can fight in melee and range.",
            "animationDuration": 0,
            "backgroundColor": [240,22,8]
          }
        ]
      },
      "turn1": {
        "directions": [
          {
            "type": "DIALOGUE",
            "id": "turn1_0",
            "speakerName": "Nahla",
            "dialogueText": "Ugh! Demons!\nSir Camil, can you go first?",
            "speakerPortraitResourceKey": "young nahla cutscene portrait",
            "animationDuration": 0
          },
          {
            "type": "DIALOGUE",
            "id": "turn1_1",
            "speakerName": "Sir Camil",
            "dialogueText": "Yes. I'll go first.\nClick next to the demon so I can move into melee.",
            "speakerPortraitResourceKey": "sir camil cutscene portrait",
            "animationDuration": 0
          },
          {
            "type": "DIALOGUE",
            "id": "turn1_2",
            "speakerName": "Sir Camil",
            "dialogueText": "Then click on the longsword and click OK to strike the demon!",
            "speakerPortraitResourceKey": "sir camil cutscene portrait",
            "animationDuration": 0
          },
          {
            "type": "DIALOGUE",
            "id": "turn1_3",
            "speakerName": "Nahla",
            "dialogueText": "Once you're done, I will act. If I move right behind you, I can use my Water Cannon!",
            "speakerPortraitResourceKey": "young nahla cutscene portrait",
            "animationDuration": 0
          },
          {
            "type": "DIALOGUE",
            "id": "turn1_4",
            "speakerPortraitResourceKey": "young nahla cutscene portrait",
            "speakerPortraitPosition": "LEFT",
            "speakerName": "Nahla",
            "speakerNamePosition": "LEFT",
            "dialogueText": "Or if you defeated the demon,\nI can select End Turn.",
            "dialogueTextPosition": "LEFT",
            "animationDuration": 0
          }
        ]
      },
      "turn2": {
        "directions": [
          {
            "type": "DIALOGUE",
            "id": "turn2_0",
            "speakerName": "Sir Camil",
            "dialogueText": "Be careful where you move. The blue circles note your movement range.",
            "speakerPortraitResourceKey": "sir camil cutscene portrait",
            "animationDuration": 0
          },
          {
            "type": "DIALOGUE",
            "id": "turn2_1",
            "speakerName": "Sir Camil",
            "dialogueText": "But the further you travel, the more AP you spend.",
            "speakerPortraitResourceKey": "sir camil cutscene portrait",
            "animationDuration": 0
          },
          {
            "type": "DIALOGUE",
            "id": "turn2_2",
            "speakerName": "Nahla",
            "dialogueText": "I can redo my movement before taking an action.",
            "speakerPortraitResourceKey": "young nahla cutscene portrait",
            "animationDuration": 0
          },
          {
            "type": "DIALOGUE",
            "id": "turn2_3",
            "speakerName": "Nahla",
            "dialogueText": "And I can preview how much AP I will spend moving.\nThe AP meter will highlight how much I will spend.",
            "speakerPortraitResourceKey": "young nahla cutscene portrait",
            "animationDuration": 0
          }
        ]
      },
      "turn3": {
        "directions": [
          {
            "type": "DIALOGUE",
            "id": "cameraScroll0",
            "speakerPortraitResourceKey": "young nahla cutscene portrait",
            "speakerPortraitPosition": "LEFT",
            "speakerName": "Nahla",
            "speakerNamePosition": "LEFT",
            "dialogueText": "Move the camera by moving the mouse to the edges of the screen.",
            "dialogueTextPosition": "LEFT",
            "animationDuration": 0
          },
          {
            "type": "DIALOGUE",
            "id": "cameraScroll1",
            "speakerPortraitResourceKey": "sir camil cutscene portrait",
            "speakerPortraitPosition": "CENTER",
            "speakerName": "Sir Camil",
            "speakerNamePosition": "CENTER",
            "dialogueText": "Or use the mouse wheel.\nHold shift for side scroll.",
            "dialogueTextPosition": "CENTER",
            "animationDuration": 0
          },
          {
            "type": "DIALOGUE",
            "id": "cameraScroll2",
            "speakerPortraitResourceKey": "young nahla cutscene portrait",
            "speakerPortraitPosition": "LEFT",
            "speakerName": "Nahla",
            "speakerNamePosition": "LEFT",
            "dialogueText": "I was going to say that!\nClick and dragging the map also works!",
            "dialogueTextPosition": "LEFT",
            "animationDuration": 0
          },
          {
            "type": "DIALOGUE",
            "id": "cameraScroll3",
            "speakerPortraitResourceKey": "sir camil cutscene portrait",
            "speakerPortraitPosition": "CENTER",
            "speakerName": "Sir Camil",
            "speakerNamePosition": "CENTER",
            "dialogueText": "Holding Shift and the arrow keys will also scroll.",
            "dialogueTextPosition": "CENTER",
            "animationDuration": 0
          }
        ]
      },
      "turn4": {
        "directions": [
          {
            "type": "DIALOGUE",
            "id": "turn4_0",
            "speakerName": "Nahla",
            "dialogueText": "The sand tiles slows us down. Normally I can move\n 2 tiles per AP, but sand halves it!",
            "speakerPortraitResourceKey": "young nahla cutscene portrait",
            "animationDuration": 0
          },
          {
            "type": "DIALOGUE",
            "id": "turn4_1",
            "speakerName": "Sir Camil",
            "dialogueText": "You have Torrent Surge.\nUse it to gain Hustle status. Then you can ignore the sand.",
            "speakerPortraitResourceKey": "sir camil cutscene portrait",
            "animationDuration": 0
          },
          {
            "type": "DIALOGUE",
            "id": "turn4_2",
            "speakerName": "Sir Camil",
            "dialogueText": "But let me go first and attract the demons.",
            "speakerPortraitResourceKey": "sir camil cutscene portrait",
            "animationDuration": 0
          }
        ]
      },
      "turn5": {
        "directions": [
          {
            "type": "DIALOGUE",
            "id": "turn5_0",
            "speakerName": "Nahla",
            "dialogueText": "Don't you get tired swinging your sword so much?\nYour 3rd swing never hits!",
            "speakerPortraitResourceKey": "young nahla cutscene portrait",
            "animationDuration": 0
          },
          {
            "type": "DIALOGUE",
            "id": "turn5_1",
            "speakerName": "Sir Camil",
            "dialogueText": "Yes, the 2nd and 3rd attacks during the same round take a penalty.",
            "speakerPortraitResourceKey": "sir camil cutscene portrait",
            "animationDuration": 0
          },
          {
            "type": "DIALOGUE",
            "id": "turn5_2",
            "speakerName": "Sir Camil",
            "dialogueText": "The 3rd attack has a larger penalty, I should Raise my Shield instead.",
            "speakerPortraitResourceKey": "sir camil cutscene portrait",
            "animationDuration": 0
          },
          {
            "type": "DIALOGUE",
            "id": "turn5_3",
            "speakerName": "Nahla",
            "dialogueText": "Or you could retreat so the demons waste their time moving instead of attacking.",
            "speakerPortraitResourceKey": "young nahla cutscene portrait",
            "animationDuration": 0
          }
        ]
      },
      "turn6": {
        "directions": [
          {
            "type": "DIALOGUE",
            "id": "turn6_0",
            "speakerName": "Sir Camil",
            "dialogueText": "When you select someone, you can press 1 to select the first action. That would be my longsword.",
            "speakerPortraitResourceKey": "sir camil cutscene portrait",
            "animationDuration": 0
          },
          {
            "type": "DIALOGUE",
            "id": "turn6_1",
            "speakerName": "Sir Camil",
            "dialogueText": "And 2 selects my shield. 3 will end my turn.",
            "speakerPortraitResourceKey": "sir camil cutscene portrait",
            "animationDuration": 0
          },
          {
            "type": "DIALOGUE",
            "id": "turn6_2",
            "speakerName": "Nahla",
            "dialogueText": "3 would trigger my Torrent Surge, since I have 3 abilities. You can always press 0 to end anyone's turn.",
            "speakerPortraitResourceKey": "young nahla cutscene portrait",
            "animationDuration": 0
          }
        ]
      },
      "nahla_is_injured": {
        "directions": [
          {
            "type": "DIALOGUE",
            "id": "nahla_is_injured_0",
            "speakerName": "Nahla",
            "dialogueText": "Ow!\nI'll use Healing Touch.",
            "speakerPortraitResourceKey": "young nahla cutscene portrait",
            "animationDuration": 0
          },
          {
            "type": "DIALOGUE",
            "id": "nahla_is_injured_1",
            "speakerName": "Nahla",
            "dialogueText": "I spend 2 AP to heal 2 Hit Points.",
            "speakerPortraitResourceKey": "young nahla cutscene portrait",
            "animationDuration": 0
          }
        ]
      },
      "sir_camil_is_injured": {
        "directions": [
          {
            "type": "DIALOGUE",
            "id": "sir_camil_is_injured_0",
            "speakerName": "Sir Camil",
            "dialogueText": "Blast!\nThey got through my armor!\nNahla, can you heal me?",
            "speakerPortraitResourceKey": "sir camil cutscene portrait",
            "animationDuration": 0
          },
          {
            "type": "DIALOGUE",
            "id": "sir_camil_is_injured_1",
            "speakerName": "Nahla",
            "dialogueText": "Sure! I have Healing Touch. I need to get close to you. It costs 2 AP.",
            "speakerPortraitResourceKey": "young nahla cutscene portrait",
            "animationDuration": 0
          },
          {
            "type": "DIALOGUE",
            "id": "sir_camil_is_injured_2",
            "speakerName": "Nahla",
            "dialogueText": "Maybe you could back up towards me? I can only spend 1 AP to move and the other 2 AP to heal.",
            "speakerPortraitResourceKey": "young nahla cutscene portrait",
            "animationDuration": 0
          }
        ]
      },
      "killed_first_enemy": {
        "directions": [
          {
            "type": "DIALOGUE",
            "id": "killed_first_enemy_0",
            "speakerName": "Nahla",
            "dialogueText": "Ha! Take that you awful demon!",
            "speakerPortraitResourceKey": "young nahla cutscene portrait",
            "animationDuration": 0
          },
          {
            "type": "DIALOGUE",
            "id": "killed_first_enemy_1",
            "speakerName": "Sir Camil",
            "dialogueText": "That's the spirit! Plenty more where that came from.",
            "speakerPortraitResourceKey": "sir camil cutscene portrait",
            "animationDuration": 0
          },
          {
            "type": "DIALOGUE",
            "id": "killed_first_enemy_2",
            "speakerName": "Sir Camil",
            "dialogueText": "The Slither demons have to fight up close,\n but they can take 2 hits.",
            "speakerPortraitResourceKey": "sir camil cutscene portrait",
            "animationDuration": 0
          },
          {
            "type": "DIALOGUE",
            "id": "killed_first_enemy_3",
            "speakerName": "Nahla",
            "dialogueText": "I'm worried about those locusts,\n they can shoot us from up to 3 tiles away.",
            "speakerPortraitResourceKey": "young nahla cutscene portrait",
            "animationDuration": 0
          },
          {
            "type": "DIALOGUE",
            "id": "killed_first_enemy_4",
            "speakerName": "Nahla",
            "dialogueText": "We can stop them in 1 hit.",
            "speakerPortraitResourceKey": "young nahla cutscene portrait",
            "animationDuration": 0
          }
        ]
      }
    }
  }
}
