{
  "squaddieId": {
    "name": "Slither Demon",
    "templateId": "enemy_demon_slither",
    "resources": {
      "mapIconResourceKey": "map icon demon slither",
      "actionSpritesByEmotion": {
        "NEUTRAL": "combat-demon-slither-neutral",
        "ATTACK": "combat-demon-slither-attack",
        "TARGETED": "combat-demon-slither-targeted",
        "DAMAGED": "combat-demon-slither-damaged",
        "DEAD": "combat-demon-slither-dead"
      }
    },
    "traits": {
      "DEMON": true
    },
    "affiliation": "ENEMY"
  },
  "attributes": {
    "maxHitPoints": 3,
    "armor": {
      "proficiencyLevel": "UNTRAINED",
      "base": -1
    },
    "movement": {
      "movementPerAction": 2
    },
    "tier": 0,
    "versusProficiencyLevels": {
      "ARMOR": "UNTRAINED"
    }
  },
  "actionTemplateIds": [
    "demon_slither_bite"
  ]
}
