{
  "id": "sandbox",
  "terrain": [
    "1 2 1 1 1 ",
    " 1 2 1 1 1 ",
    "  2 2 1 1 1 ",
    "   x x x x 1 ",
    "    1 1 1 1 1 "
  ],
  "objectives": [
    {
      "id": "victory",
      "reward": {
        "rewardType": "VICTORY"
      },
      "hasGivenReward": false,
      "conditions": [
        {
          "id": "defeat_all_enemies",
          "type": "DEFEAT_ALL_ENEMIES"
        }
      ],
      "numberOfRequiredConditionsToComplete": "all"
    },
    {
      "id": "defeat",
      "reward": {
        "rewardType": "DEFEAT"
      },
      "hasGivenReward": false,
      "conditions": [
        {
          "id": "defeat_all_players",
          "type": "DEFEAT_ALL_PLAYERS"
        }
      ],
      "numberOfRequiredConditionsToComplete": "all"
    }
  ],
  "player": {
    "teamId": "playerCrusaders",
    "teamName": "Crusaders",
    "iconResourceKey": "affiliate_icon_crusaders",
    "deployment": {
      "affiliation": "PLAYER",
      "optional": [],
      "required": [
        {
          "squaddieTemplateId": "young_nahla",
          "battleSquaddieId": "young_nahla",
          "coordinate": {
            "q": 0,
            "r": 1
          }
        },
        {
          "squaddieTemplateId": "sir_camil",
          "battleSquaddieId": "sir_camil",
          "coordinate": {
            "q": 0,
            "r": 0
          }
        }
      ]
    }
  },
  "npcDeployments": {
    "enemy": {
      "templateIds": [
        "enemy_demon_slither",
        "enemy_demon_locust"
      ],
      "mapPlacements": [
        {
          "squaddieTemplateId": "enemy_demon_slither",
          "battleSquaddieId": "enemy_demon_slither_0",
          "coordinate": {
            "q": 1,
            "r": 1
          }
        },
        {
          "squaddieTemplateId": "enemy_demon_locust",
          "battleSquaddieId": "enemy_demon_locust_1",
          "coordinate": {
            "q": 1,
            "r": 2
          }
        },
        {
          "squaddieTemplateId": "enemy_demon_locust",
          "battleSquaddieId": "enemy_demon_locust_2",
          "coordinate": {
            "q": 0,
            "r": 4
          }
        },
        {
          "squaddieTemplateId": "enemy_demon_locust",
          "battleSquaddieId": "enemy_demon_locust_3",
          "coordinate": {
            "q": 1,
            "r": 4
          }
        }
      ],
      "teams": [
        {
          "id": "enemy0",
          "name": "Infiltrators",
          "iconResourceKey": "affiliate_icon_infiltrators",
          "battleSquaddieIds": [
            "enemy_demon_slither_0",
            "enemy_demon_locust_1",
            "enemy_demon_locust_2",
            "enemy_demon_locust_3"
          ],
          "strategies": [
            {
              "type": "TARGET_SQUADDIE_IN_RANGE",
              "options": {
                "desiredAffiliation": "PLAYER"
              }
            },
            {
              "type": "MOVE_CLOSER_TO_SQUADDIE",
              "options": {
                "desiredAffiliation": "PLAYER"
              }
            }
          ]
        }
      ]
    }
  },
  "phaseBannersByAffiliation": {
    "PLAYER": "phase banner player",
    "ENEMY": "phase banner enemy"
  },
  "battleEvents": [
    {
      "triggers": [
        {
          "triggeringEventType": "MISSION_VICTORY",
          "battleCompletionStatus": "VICTORY"
        }
      ],
      "effect": {
        "type": "CUTSCENE",
        "cutsceneId": "default_victory"
      }
    },
    {
      "triggers": [
        {
          "triggeringEventType": "MISSION_DEFEAT",
          "battleCompletionStatus": "DEFEAT"
        }
      ],
      "effect": {
        "type": "CUTSCENE",
        "cutsceneId": "default_defeat"
      }
    },
    {
      "triggers": [
        {
          "triggeringEventType": "START_OF_TURN",
          "exactTurn": 0
        }
      ],
      "effect": {
        "type": "CUTSCENE",
        "cutsceneId": "introduction"
      }
    },
    {
      "triggers": [
        {
          "triggeringEventType": "START_OF_TURN",
          "exactTurn": 1
        }
      ],
      "effect": {
        "type": "CHALLENGE_MODIFIER",
        "challengeModifierType": "TRAINING_WHEELS",
        "value": true
      }
    },
    {
      "triggers": [
        {
          "triggeringEventType": "SQUADDIE_IS_DEFEATED",
          "targetingSquaddie": {
            "squaddieTemplateIds": [
              "enemy_demon_slither"
            ]
          }
        }
      ],
      "effect": {
        "type": "CUTSCENE",
        "cutsceneId": "killed_enemy"
      }
    },
    {
      "triggers": [
        {
          "triggeringEventType": "SQUADDIE_IS_DEFEATED",
          "targetingSquaddie": {
            "squaddieTemplateIds": [
              "enemy_demon_slither"
            ]
          }
        }
      ],
      "effect": {
        "type": "CHALLENGE_MODIFIER",
        "challengeModifierType": "TRAINING_WHEELS",
        "value": false
      }
    }
  ],
  "cutscene": {
    "cutsceneById": {
      "default_victory": {
        "directions": [
          {
            "type": "DIALOGUE",
            "id": "victory_1",
            "speakerName": "Nahla",
            "dialogueText": "Yay! We did it!",
            "speakerPortraitResourceKey": "young nahla cutscene portrait",
            "animationDuration": 0
          },
          {
            "type": "DIALOGUE",
            "id": "victory_report_0",
            "speakerName": "Mission Report",
            "dialogueText": "Turns: $$TURN_COUNT\nTime: $$TIME_ELAPSED",
            "animationDuration": 0
          },
          {
            "type": "DIALOGUE",
            "id": "victory_report_1",
            "speakerName": "Mission Report",
            "dialogueText": "Damage Dealt: $$DAMAGE_DEALT_BY_PLAYER_TEAM\nDamage Taken: $$DAMAGE_TAKEN_BY_PLAYER_TEAM\nHealing: $$HEALING_RECEIVED_BY_PLAYER_TEAM",
            "animationDuration": 0
          },
          {
            "type": "DIALOGUE",
            "id": "victory_report_2",
            "speakerName": "Mission Report",
            "dialogueText": "Critical Hits Dealt: $$CRITICAL_HITS_DEALT_BY_PLAYER_TEAM\nCritical Hits Taken: $$CRITICAL_HITS_TAKEN_BY_PLAYER_TEAM",
            "animationDuration": 0
          }
          ,{
            "type": "DIALOGUE",
            "id": "victory_report_3",
            "speakerName": "Mission Report",
            "dialogueText": "Damage Absorbed: $$DAMAGE_ABSORBED_BY_PLAYER_TEAM\nHealing: $$HEALING_RECEIVED_BY_PLAYER_TEAM",
            "animationDuration": 0
          }
        ]
      },
      "default_defeat": {
        "directions": [
          {
            "type": "SPLASH_SCREEN",
            "id": "defeat_final",
            "screenImageResourceKey": "splash defeat"
          }
        ]
      },
      "introduction": {
        "directions": [
          {
            "type": "DIALOGUE",
            "id": "sandbox_0",
            "speakerName": "SANDBOX",
            "speakerNamePosition": "LEFT",
            "dialogueText": "Developer's sandbox!",
            "speakerPortraitResourceKey": "tutorial-action-points",
            "speakerPortraitPosition": "LEFT",
            "backgroundColor": [280,6,52]
          },
          {
            "type": "DIALOGUE",
            "id": "sandbox_1",
            "speakerName": "SANDBOX",
            "speakerNamePosition": "LEFT",
            "dialogueText": "Another text screen",
            "speakerPortraitResourceKey": "tutorial-action-points",
            "speakerPortraitPosition": "LEFT",
            "backgroundColor": [280,6,52]
          },
          {
            "type": "DIALOGUE",
            "id": "sandbox_2",
            "speakerName": "SANDBOX",
            "speakerNamePosition": "LEFT",
            "dialogueText": "Does fast forward work?",
            "speakerPortraitResourceKey": "tutorial-action-points",
            "speakerPortraitPosition": "LEFT",
            "backgroundColor": [280,6,52]
          }
        ]
      },
      "killed_enemy": {
        "directions": [
          {
            "type": "DIALOGUE",
            "id": "killed_enemy_0",
            "speakerName": "SANDBOX",
            "speakerNamePosition": "LEFT",
            "dialogueText": "You defeated an enemy"
          }
        ]
      }
    }
  }
}
