[
  {
    "id": "nahla_water_cannon",
    "name": "water cannon",
    "userInformation": {
      "userReadableDescription": "Attack AC up to 2 tiles away."
    },
    "targetConstraints": {
      "range": "REACH",
      "targetingShape": "BLOOM"
    },
    "actionEffectTemplates": [
      {
        "traits": {
          "booleanTraits": {
            "ATTACK": true
          }
        },
        "targetConstraints": {
          "versusSquaddieResistance": "ARMOR",
          "squaddieAffiliationRelation": {
            "TARGET_FOE": true
          }
        },
        "damageDescriptions": {
          "BODY": 2
        }
      }
    ],
    "buttonIconResourceKey": "decision-button-blast",
    "actionDecisions": [
      "TARGET_SQUADDIE"
    ]
  },
  {
    "id": "young_nahla_healing_touch",
    "name": "healing touch",
    "userInformation": {
      "userReadableDescription": "Heal yourself or an adjacent ally."
    },
    "resourceCost": {
      "actionPoints": 2
    },
    "targetConstraints": {
      "range": "MELEE",
      "targetingShape": "BLOOM"
    },
    "actionEffectTemplates": [
      {
        "traits": {
          "booleanTraits": {
            "ALWAYS_SUCCEEDS": true,
            "HEALING": true
          }
        },
        "targetConstraints": {
          "squaddieAffiliationRelation": {
            "TARGET_ALLY": true,
            "TARGET_SELF": true
          }
        },
        "healingDescriptions": {
          "LOST_HIT_POINTS": 2
        }
      }
    ],
    "buttonIconResourceKey": "decision-button-heart",
    "actionDecisions": [
      "TARGET_SQUADDIE"
    ]
  },
  {
    "id": "young_nahla_torrent_surge",
    "name": "torrent surge",
    "userInformation": {
      "userReadableDescription": "Pass through enemies and ignore terrain penalties for the rest of the round."
    },
    "targetConstraints": {
      "range": "SELF",
      "targetingShape": "BLOOM"
    },
    "resourceCost": {
      "actionPoints": 0,
      "numberOfTimesPerRound": 1,
      "cooldownTurns": 1
    },
    "actionEffectTemplates": [
      {
        "traits": {
          "booleanTraits": {
            "SKIP_ANIMATION": true
          }
        },
        "targetConstraints": {
          "squaddieAffiliationRelation": {
            "TARGET_SELF": true
          }
        },
        "attributeModifiers": [
          {
            "type": "HUSTLE",
            "source": "ELEMENTAL",
            "amount": 1,
            "duration": 1,
            "description": "Ignore terrain penalties"
          },
          {
            "type": "ELUSIVE",
            "source": "ELEMENTAL",
            "amount": 1,
            "duration": 1,
            "description": "Pass through enemies"
          }
        ]
      }
    ],
    "buttonIconResourceKey": "decision-button-gecko",
    "actionDecisions": [
      "TARGET_SQUADDIE"
    ]
  },
  {
    "id": "sir_camil_longsword",
    "name": "longsword",
    "userInformation": {
      "userReadableDescription": "Attack AC of an adjacent foe.",
      "customGlossaryTerms":[
        {
          "name": "Melee Attack",
          "definition": "Attack AC of an adjacent foe."
        },
        {
          "name": "Critical Hit",
          "definition": "Beat the AC by 6 or more. Rolling Max adds +6 to the result."
        }
      ]
    },
    "targetConstraints": {
      "range": "MELEE",
      "targetingShape": "BLOOM"
    },
    "actionEffectTemplates": [
      {
        "traits": {
          "booleanTraits": {
            "ATTACK": true
          }
        },
        "targetConstraints": {
          "versusSquaddieResistance": "ARMOR",
          "squaddieAffiliationRelation": {
            "TARGET_FOE": true
          }
        },
        "damageDescriptions": {
          "BODY": 2
        }
      }
    ],
    "buttonIconResourceKey": "decision-button-sword",
    "actionDecisions": [
      "TARGET_SQUADDIE"
    ]
  },
  {
    "id": "sir_camil_raise_shield",
    "name": "raise shield",
    "userInformation": {
      "userReadableDescription": "Increase AC and absorb 1 HP of damage until the start of your next turn."
    },
    "resourceCost": {
      "actionPoints": 1,
      "numberOfTimesPerRound": 1
    },
    "targetConstraints": {
      "range": "SELF",
      "targetingShape": "BLOOM"
    },
    "actionEffectTemplates": [
      {
        "traits": {
          "booleanTraits": {
            "SKIP_ANIMATION": true
          }
        },
        "targetConstraints": {
          "versusSquaddieResistance": "ARMOR",
          "squaddieAffiliationRelation": {
            "TARGET_SELF": true
          }
        },
        "attributeModifiers": [
          {
            "type": "ARMOR",
            "source": "MARTIAL",
            "amount": 1,
            "duration": 1,
            "description": "Raise your shield to improve defense"
          },
          {
            "type": "ABSORB",
            "source": "MARTIAL",
            "amount": 1,
            "duration": 1,
            "description": "Your shield will shrug off a small amount of damage"
          }
        ]
      }
    ],
    "buttonIconResourceKey": "decision-button-shield",
    "actionDecisions": [
      "TARGET_SQUADDIE"
    ]
  },
  {
    "id": "petra-shard-stab",
    "name": "shard stab",
    "userInformation": {
      "userReadableDescription": "Attack AC of an adjacent foe. Deals extra damage if enemy is Flanked or Off-Guard."
    },
    "targetConstraints": {
      "range": "MELEE",
      "targetingShape": "BLOOM"
    },
    "actionEffectTemplates": [
      {
        "traits": {
          "booleanTraits": {
            "ATTACK": true
          }
        },
        "targetConstraints": {
          "versusSquaddieResistance": "ARMOR",
          "squaddieAffiliationRelation": {
            "TARGET_FOE": true
          }
        },
        "damageDescriptions": {
          "BODY": 2
        },
        "actionDecisions": [
          "TARGET_SQUADDIE"
        ]
      }
    ],
    "buttonIconResourceKey": "decision-button-sword"
  }
]
