{
  "squaddieBuilds": [
    {
      "squaddieTemplateId": "young_nahla"
    },
    {
      "squaddieTemplateId": "sir_camil"
    },
    {
      "squaddieTemplateId": "petra"
    }
  ],
  "squaddieTemplates": [
    {
      "squaddieId": {
        "templateId": "young_nahla",
        "name": "Nahla",
        "resources": {
          "mapIconResourceKey": "map icon young nahla",
          "actionSpritesByEmotion": {
            "NEUTRAL": "combat-young-nahla-neutral",
            "ATTACK": "combat-young-nahla-attack",
            "TARGETED": "combat-young-nahla-targeted",
            "DAMAGED": "combat-young-nahla-damaged",
            "DEAD": "combat-young-nahla-dead",
            "ASSISTING": "combat-young-nahla-assisting",
            "THANKFUL": "combat-young-nahla-thankful"
          }
        },
        "traits": {
          "booleanTraits": {
            "HUMANOID": true,
            "MONSU": true
          }
        },
        "affiliation": "PLAYER"
      },
      "attributes": {
        "maxHitPoints": 3,
        "armorClass": 6,
        "movement": {
          "movementPerAction": 2,
          "passThroughWalls": false,
          "crossOverPits": false
        },
        "tier": 1
      },
      "actionTemplateIds": [
        "nahla_water_cannon",
        "young_nahla_healing_touch",
        "young_nahla_torrent_surge"
      ]
    },
    {
      "squaddieId": {
        "templateId": "sir_camil",
        "name": "Sir Camil",
        "resources": {
          "mapIconResourceKey": "map icon sir camil",
          "actionSpritesByEmotion": {
            "NEUTRAL": "combat-sir-camil-neutral",
            "ATTACK": "combat-sir-camil-attack",
            "TARGETED": "combat-sir-camil-targeted",
            "DAMAGED": "combat-sir-camil-damaged",
            "DEAD": "combat-sir-camil-dead",
            "ASSISTING": "combat-sir-camil-assisting",
            "THANKFUL": "combat-sir-camil-thankful"
          }
        },
        "traits": {
          "booleanTraits": {
            "HUMANOID": true
          }
        },
        "affiliation": "PLAYER"
      },
      "attributes": {
        "maxHitPoints": 5,
        "armorClass": 8,
        "movement": {
          "movementPerAction": 2,
          "passThroughWalls": false,
          "crossOverPits": false
        },
        "tier": 1
      },
      "actionTemplateIds": [
        "sir_camil_longsword",
        "sir_camil_raise_shield"
      ]
    },
    {
      "squaddieId": {
        "templateId": "petra",
        "name": "Petra",
        "resources": {
          "mapIconResourceKey": "map icon petra",
          "actionSpritesByEmotion": {
            "NEUTRAL": "combat-petra-neutral",
            "ATTACK": "combat-petra-attack",
            "TARGETED": "combat-petra-targeted",
            "DAMAGED": "combat-petra-damaged",
            "DEAD": "combat-petra-dead",
            "ASSISTING": "combat-petra-assisting",
            "THANKFUL": "combat-petra-thankful"
          }
        },
        "traits": {
          "booleanTraits": {
            "HUMANOID": true,
            "TERRAN": true
          }
        },
        "affiliation": "PLAYER"
      },
      "attributes": {
        "maxHitPoints": 4,
        "armorClass": 7,
        "movement": {
          "movementPerAction": 3,
          "passThroughWalls": false,
          "crossOverPits": false
        },
        "tier": 1
      },
      "actionTemplateIds": [
        "petra-shard-stab"
      ]
    }
  ]
}
