{
  "squaddieId": {
    "templateId": "petra",
    "name": "Petra",
    "resources": {
      "mapIconResourceKey": "map icon petra",
      "actionSpritesByEmotion": {
        "NEUTRAL": "combat-petra-neutral",
        "ATTACK": "combat-petra-attack",
        "TARGETED": "combat-petra-targeted",
        "DAMAGED": "combat-petra-damaged",
        "DEAD": "combat-petra-dead",
        "ASSISTING": "combat-petra-assisting",
        "THANKFUL": "combat-petra-thankful"
      }
    },
    "traits": {
      "booleanTraits": {
        "HUMANOID": true,
        "TERRAN": true
      }
    },
    "affiliation": "PLAYER"
  },
  "attributes": {
    "maxHitPoints": 4,
    "armor": {
      "proficiencyLevel": "NOVICE",
      "base": 2
    },
    "movement": {
      "movementPerAction": 3,
      "passThroughWalls": false,
      "crossOverPits": false
    },
    "tier": 1,
    "versusProficiencyLevels": {
      "ARMOR": "NOVICE"
    }
  },
  "actionTemplateIds": [
    "petra-shard-stab"
  ]
}
