{
  "squaddieId": {
    "name": "Locust Demon",
    "templateId": "enemy_demon_locust",
    "resources": {
      "mapIconResourceKey": "map icon demon locust",
      "actionSpritesByEmotion": {
        "NEUTRAL": "combat-demon-locust-neutral",
        "ATTACK": "combat-demon-locust-attack",
        "TARGETED": "combat-demon-locust-targeted",
        "DAMAGED": "combat-demon-locust-damaged",
        "DEAD": "combat-demon-locust-dead"
      }
    },
    "traits": {
      "DEMON": true
    },
    "affiliation": "ENEMY"
  },
  "attributes": {
    "maxHitPoints": 2,
    "armorClass": 4,
    "armor": {
      "proficiencyLevel": "UNTRAINED",
      "base": -2
    },
    "movement": {
      "movementPerAction": 2
    },
    "tier": 0,
    "versusProficiencyLevels": {
      "ARMOR": "NOVICE"
    }
  },
  "actionTemplateIds": [
    "demon_locust_arrow"
  ]
}
