[
  {
    "type": "IMAGE",
    "path": "assets/testPortrait0001.png",
    "key": "crazy pete face"
  },
  {
    "type": "IMAGE",
    "path": "assets/playerArmy/young_nahla/map-icon-young-nahla.png",
    "key": "map icon young nahla"
  },
  {
    "type": "IMAGE",
    "path": "assets/playerArmy/sir_camil/map-icon-sir-camil.png",
    "key": "map icon sir camil"
  },
  {
    "type": "IMAGE",
    "path": "assets/npcData/enemy_demon_slither/map-icon-demon-slither.png",
    "key": "map icon demon slither"
  },
  {
    "type": "IMAGE",
    "path": "assets/npcData/enemy_demon_locust/map-icon-demon-locust.png",
    "key": "map icon demon locust"
  },
  {
    "type": "IMAGE",
    "path": "assets/npcData/enemy_demon_locust/combat-demon-locust-attack.png",
    "key": "combat-demon-locust-attack"
  },
  {
    "type": "IMAGE",
    "path": "assets/npcData/enemy_demon_locust/combat-demon-locust-damaged.png",
    "key": "combat-demon-locust-damaged"
  },
  {
    "type": "IMAGE",
    "path": "assets/npcData/enemy_demon_locust/combat-demon-locust-dead.png",
    "key": "combat-demon-locust-dead"
  },
  {
    "type": "IMAGE",
    "path": "assets/npcData/enemy_demon_locust/combat-demon-locust-neutral.png",
    "key": "combat-demon-locust-neutral"
  },
  {
    "type": "IMAGE",
    "path": "assets/npcData/enemy_demon_locust/combat-demon-locust-targeted.png",
    "key": "combat-demon-locust-targeted"
  },
  {
    "type": "IMAGE",
    "path": "assets/mapUiIcon/map-icon-move-1-action.png",
    "key": "map icon move 1 action"
  },
  {
    "type": "IMAGE",
    "path": "assets/mapUiIcon/map-icon-move-2-actions.png",
    "key": "map icon move 2 actions"
  },
  {
    "type": "IMAGE",
    "path": "assets/mapUiIcon/map-icon-move-3-actions.png",
    "key": "map icon move 3 actions"
  },
  {
    "type": "IMAGE",
    "path": "assets/mapUiIcon/map-icon-attack-1-action.png",
    "key": "map icon attack 1 action"
  },
  {
    "type": "IMAGE",
    "path": "assets/mapUiIcon/map-icon-move-1-action-small.png",
    "key": "map icon move 1 action small"
  },
  {
    "type": "IMAGE",
    "path": "assets/mapUiIcon/map-icon-move-2-actions-small.png",
    "key": "map icon move 2 actions small"
  },
  {
    "type": "IMAGE",
    "path": "assets/mapUiIcon/map-icon-move-3-actions-small.png",
    "key": "map icon move 3 actions small"
  },
  {
    "type": "IMAGE",
    "path": "assets/affiliate-icon-crusaders.png",
    "key": "affiliate_icon_crusaders"
  },
  {
    "type": "IMAGE",
    "path": "assets/affiliate-icon-infiltrators.png",
    "key": "affiliate_icon_infiltrators"
  },
  {
    "type": "IMAGE",
    "path": "assets/affiliate-icon-western.png",
    "key": "affiliate_icon_western"
  },
  {
    "type": "IMAGE",
    "path": "assets/affiliate-icon-none.png",
    "key": "affiliate_icon_none"
  },
  {
    "type": "IMAGE",
    "path": "assets/phase-banner-player.png",
    "key": "phase banner player"
  },
  {
    "type": "IMAGE",
    "path": "assets/phase-banner-enemy.png",
    "key": "phase banner enemy"
  },
  {
    "type": "IMAGE",
    "path": "assets/gameLogoCircle.png",
    "key": "title screen logo"
  },
  {
    "type": "IMAGE",
    "path": "assets/playerArmy/young_nahla/cutscene-portrait-young-nahla.png",
    "key": "young nahla cutscene portrait"
  },
  {
    "type": "IMAGE",
    "path": "assets/playerArmy/sir_camil/cutscene-portrait-sir-camil.png",
    "key": "sir camil cutscene portrait"
  },
  {
    "type": "IMAGE",
    "path": "assets/tutorial/ConfirmCancel.png",
    "key": "tutorial-confirm-cancel"
  },
  {
    "type": "IMAGE",
    "path": "assets/tutorial/SpendActionPoints.png",
    "key": "tutorial-action-points"
  },
  {
    "type": "IMAGE",
    "path": "assets/npcData/enemy_demon_slither/combat-demon-slither-attack.png",
    "key": "combat-demon-slither-attack"
  },
  {
    "type": "IMAGE",
    "path": "assets/npcData/enemy_demon_slither/combat-demon-slither-damaged.png",
    "key": "combat-demon-slither-damaged"
  },
  {
    "type": "IMAGE",
    "path": "assets/npcData/enemy_demon_slither/combat-demon-slither-dead.png",
    "key": "combat-demon-slither-dead"
  },
  {
    "type": "IMAGE",
    "path": "assets/npcData/enemy_demon_slither/combat-demon-slither-neutral.png",
    "key": "combat-demon-slither-neutral"
  },
  {
    "type": "IMAGE",
    "path": "assets/npcData/enemy_demon_slither/combat-demon-slither-targeted.png",
    "key": "combat-demon-slither-targeted"
  },
  {
    "type": "IMAGE",
    "path": "assets/playerArmy/sir_camil/combat-sir-camil-attack.png",
    "key": "combat-sir-camil-attack"
  },
  {
    "type": "IMAGE",
    "path": "assets/playerArmy/sir_camil/combat-sir-camil-damaged.png",
    "key": "combat-sir-camil-damaged"
  },
  {
    "type": "IMAGE",
    "path": "assets/playerArmy/sir_camil/combat-sir-camil-dead.png",
    "key": "combat-sir-camil-dead"
  },
  {
    "type": "IMAGE",
    "path": "assets/playerArmy/sir_camil/combat-sir-camil-neutral.png",
    "key": "combat-sir-camil-neutral"
  },
  {
    "type": "IMAGE",
    "path": "assets/playerArmy/sir_camil/combat-sir-camil-targeted.png",
    "key": "combat-sir-camil-targeted"
  },
  {
    "type": "IMAGE",
    "path": "assets/playerArmy/sir_camil/combat-sir-camil-assisting.png",
    "key": "combat-sir-camil-assisting"
  },
  {
    "type": "IMAGE",
    "path": "assets/playerArmy/sir_camil/combat-sir-camil-thankful.png",
    "key": "combat-sir-camil-thankful"
  },
  {
    "type": "IMAGE",
    "path": "assets/playerArmy/young_nahla/combat-young-nahla-attack.png",
    "key": "combat-young-nahla-attack"
  },
  {
    "type": "IMAGE",
    "path": "assets/playerArmy/young_nahla/combat-young-nahla-damaged.png",
    "key": "combat-young-nahla-damaged"
  },
  {
    "type": "IMAGE",
    "path": "assets/playerArmy/young_nahla/combat-young-nahla-dead.png",
    "key": "combat-young-nahla-dead"
  },
  {
    "type": "IMAGE",
    "path": "assets/playerArmy/young_nahla/combat-young-nahla-neutral.png",
    "key": "combat-young-nahla-neutral"
  },
  {
    "type": "IMAGE",
    "path": "assets/playerArmy/young_nahla/combat-young-nahla-targeted.png",
    "key": "combat-young-nahla-targeted"
  },
  {
    "type": "IMAGE",
    "path": "assets/playerArmy/young_nahla/combat-young-nahla-assisting.png",
    "key": "combat-young-nahla-assisting"
  },
  {
    "type": "IMAGE",
    "path": "assets/playerArmy/young_nahla/combat-young-nahla-thankful.png",
    "key": "combat-young-nahla-thankful"
  },
  {
    "type": "IMAGE",
    "path": "assets/playerArmy/petra/map-icon-petra.png",
    "key": "map icon petra"
  },
  {
    "type": "IMAGE",
    "path": "assets/playerArmy/petra/combat-petra-neutral.png",
    "key": "petra cutscene portrait"
  },
  {
    "type": "IMAGE",
    "path": "assets/playerArmy/petra/combat-petra-attacking.png",
    "key": "combat-petra-attack"
  },
  {
    "type": "IMAGE",
    "path": "assets/playerArmy/petra/combat-petra-damaged.png",
    "key": "combat-petra-damaged"
  },
  {
    "type": "IMAGE",
    "path": "assets/playerArmy/petra/combat-petra-dead.png",
    "key": "combat-petra-dead"
  },
  {
    "type": "IMAGE",
    "path": "assets/playerArmy/petra/combat-petra-neutral.png",
    "key": "combat-petra-neutral"
  },
  {
    "type": "IMAGE",
    "path": "assets/playerArmy/petra/combat-petra-targeted.png",
    "key": "combat-petra-targeted"
  },
  {
    "type": "IMAGE",
    "path": "assets/playerArmy/petra/combat-petra-assisting.png",
    "key": "combat-petra-assisting"
  },
  {
    "type": "IMAGE",
    "path": "assets/playerArmy/petra/combat-petra-thankful.png",
    "key": "combat-petra-thankful"
  },
  {
    "type": "IMAGE",
    "path": "assets/splash-victory-screen.png",
    "key": "splash victory"
  },
  {
    "type": "IMAGE",
    "path": "assets/splash-defeat-screen.png",
    "key": "splash defeat"
  },
  {
    "type": "IMAGE",
    "path": "assets/ui/actionButtons/decision-button-unknown-64.png",
    "key": "decision-button-unknown"
  },
  {
    "type": "IMAGE",
    "path": "assets/ui/actionButtons/endTurn.png",
    "key": "decision-button-end-turn"
  },
  {
    "type": "IMAGE",
    "path": "assets/ui/actionButtons/sword.png",
    "key": "decision-button-sword"
  },
  {
    "type": "IMAGE",
    "path": "assets/ui/actionButtons/heart.png",
    "key": "decision-button-heart"
  },
  {
    "type": "IMAGE",
    "path": "assets/ui/actionButtons/blast.png",
    "key": "decision-button-blast"
  },
  {
    "type": "IMAGE",
    "path": "assets/ui/actionButtons/shield.png",
    "key": "decision-button-shield"
  },
  {
    "type": "IMAGE",
    "path": "assets/ui/actionButtons/gecko.png",
    "key": "decision-button-gecko"
  },
  {
    "type": "IMAGE",
    "path": "assets/mapTiles/basic/floor.png",
    "key": "map-tiles-basic-floor"
  },
  {
    "type": "IMAGE",
    "path": "assets/mapTiles/basic/pit.png",
    "key": "map-tiles-basic-pit"
  },
  {
    "type": "IMAGE",
    "path": "assets/mapTiles/basic/sand.png",
    "key": "map-tiles-basic-sand"
  },
  {
    "type": "IMAGE",
    "path": "assets/mapTiles/basic/wall.png",
    "key": "map-tiles-basic-wall"
  },
  {
    "type": "IMAGE",
    "path": "assets/mapTiles/basic/water.png",
    "key": "map-tiles-basic-water"
  },
  {
    "type": "IMAGE",
    "path": "assets/ui/attribute/armor.png",
    "key": "attribute-icon-armor"
  },
  {
    "type": "IMAGE",
    "path": "assets/ui/attribute/absorb.png",
    "key": "attribute-icon-absorb"
  },
  {
    "type": "IMAGE",
    "path": "assets/ui/attribute/movement.png",
    "key": "attribute-icon-movement"
  },
  {
    "type": "IMAGE",
    "path": "assets/ui/attribute/hustle.png",
    "key": "attribute-icon-hustle"
  },
  {
    "type": "IMAGE",
    "path": "assets/ui/attribute/elusive.png",
    "key": "attribute-icon-elusive"
  },
  {
    "type": "IMAGE",
    "path": "assets/ui/attribute/down.png",
    "key": "attribute-down"
  },
  {
    "type": "IMAGE",
    "path": "assets/ui/attribute/up.png",
    "key": "attribute-up"
  }
]
