[
  {
    "name": "Bite",
    "id": "demon_slither_bite",
    "userInformation": {
      "userReadableDescription": "Attack AC of an adjacent foe."
    },
    "targetConstraints": {
      "range": "MELEE",
      "targetingShape": "BLOOM"
    },
    "actionEffectTemplates": [
      {
        "traits": {
          "booleanTraits": {
            "ATTACK": true
          }
        },
        "targetConstraints": {
          "versusSquaddieResistance": "ARMOR",
          "squaddieAffiliationRelation": {
            "TARGET_FOE": true
          }
        },
        "damageDescriptions": {
          "BODY": 1
        }
      }
    ],
    "buttonIconResourceKey": "decision-button-sword",
    "actionDecisions": ["TARGET_SQUADDIE"]
  },
  {
    "name": "Arrow",
    "id": "demon_locust_arrow",
    "userInformation": {
      "userReadableDescription": "Attack AC of a foe from 2-3 tiles away."
    },
    "targetConstraints": {
      "range": "SHORT",
      "targetingShape": "BLOOM"
    },
    "actionEffectTemplates": [
      {
        "traits": {
          "booleanTraits": {
            "ATTACK": true
          }
        },
        "targetConstraints": {
          "versusSquaddieResistance": "ARMOR",
          "squaddieAffiliationRelation": {
            "TARGET_FOE": true
          }
        },
        "damageDescriptions": {
          "BODY": 2
        }
      }
    ],
    "buttonIconResourceKey": "decision-button-blast",
    "actionDecisions": ["TARGET_SQUADDIE"]
  }
]
